{"cameraMode":{"drawMode":0,"name":"Shaded","section":"Shading Mode"},"sceneLighting":true,"audioPlay":false,"sceneViewState":{"showFog":true,"showMaterialUpdate":false,"showSkybox":true,"showFlares":true,"showImageEffects":true,"showParticleSystems":true},"in2DMode":false,"pivot":{"x":-0.02199999988079071,"y":0.025999996811151506,"z":0.0},"rotation":{"x":-0.18620191514492036,"y":-0.04567800089716911,"z":0.008666242472827435,"w":-0.9814114570617676},"size":0.11159748584032059,"orthographic":true}